{
  "anchors": [
    [
      0.25,
      0.3333333333333333
    ],
    [
      0.85,
      1.0
    ],
    [
      0.9737499999999996,
      1.0
    ]
  ],
  "n": 30
}